strain_id,phylum,class,order,family,genus,species,strain_designation
atcc25922,Proteobacteria,Gammaproteobacteria,Enterobacteriales,Enterobacteriaceae,Escherichia,coli,Seattle 1946
atcc26499,Proteobacteria,Gammaproteobacteria,Alteromonadales,Alteromonadaceae,Alteromonas,mediterranea,MED64
atcc27126,Proteobacteria,Gammaproteobacteria,Alteromonadales,Alteromonadaceae,Alteromonas,macleodii,107
aalgi,Bacteroidetes,Flavobacteriia,Flavobacteriales,Flavobacteriaceae,Arenibacter,algicola,SMS7
abie,Proteobacteria,Gammaproteobacteria,Pseudomonadales,Pseudomonadaceae,Pseudomonas,abietaniphila,BKME-9
atlcs,Bacteroidetes,Flavobacteriia,Flavobacteriales,Flavobacteriaceae,Croceibacter,atlanticus,HTCC 2559
azure,Proteobacteria,Gammaproteobacteria,Vibrionales,Vibrionaceae,Vibrio,azureus,LC2-005
b2china,Proteobacteria,Alphaproteobacteria,Rhizobiales,Hyphomicrobiaceae,Pelagibacterium,halotolerans,B2
bdim,Proteobacteria,Alphaproteobacteria,Rhizobiales,Caulobacteraceae,Brevundimonas,diminuta,PCI 818
bermu,Proteobacteria,Alphaproteobacteria,Rhodobacterales,Rhodobacteraceae,Pelagibaca,bermudensis,HTCC2601
bork,Proteobacteria,Gammaproteobacteria,Oceanospirillales,Alcanivoracaceae,Alcanivorax,borkumensis,SK2
bs11,Proteobacteria,Gammaproteobacteria,Alteromonadales,Alteromonadaceae,Alteromonas,macleodii,BS11
cip,Proteobacteria,Gammaproteobacteria,Alteromonadales,Pseudoalteromonadaceae,Pseudoalteromonas,haloplanktis,CIP 108707
citrea,Proteobacteria,Gammaproteobacteria,Alteromonadales,Pseudoalteromonadaceae,Pseudoalteromonas,citrea,
crono,Proteobacteria,Gammaproteobacteria,Enterobacteriales,Enterobacteriaceae,Cronobacter,universalis,
cstat,Actinobacteria,Actinobacteria,Actinomycetales,Corynebacteriaceae,Corynebacterium,stationis,622
de,Proteobacteria,Gammaproteobacteria,Alteromonadales,Alteromonadaceae,Alteromonas,mediterranea,DE
de1,Proteobacteria,Gammaproteobacteria,Alteromonadales,Alteromonadaceae,Alteromonas,mediterranea,DE1
dfl-12,Proteobacteria,Alphaproteobacteria,Rhodobacterales,Rhodobacteraceae,Dinoroseobacter,shibae,DFL 12
dies,Proteobacteria,Gammaproteobacteria,Oceanospirillales,Alcanivoracaceae,Alcanivorax,dieselolei,B-5
dss-3,Proteobacteria,Alphaproteobacteria,Rhodobacterales,Rhodobacteraceae,Ruegeria,pomeroyi,DSS-3
eryth,Actinobacteria,Actinobacteria,Actinomycetales,Nocardiaceae,Rhodococcus,erythropolis,
exig,Firmicutes,Bacilli,Bacillales,Bacilli,Exiguobacterium,oxidotolerans,T-2-2
fagar,Bacteroidetes,Flavobacteriia,Flavobacteriales,Flavobacteriaceae,Formosa,agariphila,KMM 3901
fang,Proteobacteria,Gammaproteobacteria,Thiotrichales,Francisellaceae,Fangia,hongkongensis,UST040201-002
fors,Bacteroidetes,Flavobacteriia,Flavobacteriales,Flavobacteriaceae,Gramella,forsetii,KT0803
hot1a3,Proteobacteria,Gammaproteobacteria,Alteromonadales,Alteromonadaceae,Alteromonas,macleodii,HOT1A3
hot5_b10,Proteobacteria,Alphaproteobacteria,Rhodobacterales,Rhodobacteraceae,Rhodobacter,TBD,HOT5_B10
hot5_b8,Proteobacteria,Alphaproteobacteria,Rhodobacterales,Rhodobacteraceae,Rhodobacter,TBD,HOT5_B8
hot5_c3,Proteobacteria,Alphaproteobacteria,Rhodobacterales,Rhodobacteraceae,Rhodobacter,TBD,HOT5_C3
hot5_e6,Proteobacteria,Alphaproteobacteria,Rhodobacterales,Rhodobacteraceae,Rhodobacter,TBD,HOT5_E6
hot5_f3,Proteobacteria,Alphaproteobacteria,Rhodobacterales,Rhodobacteraceae,Rhodobacter,TBD,HOT5_F3
hp15,Proteobacteria,Gammaproteobacteria,Alteromonadales,Alteromonadaceae,Marinobacter,adhaerens,HP15
kordia,Bacteroidetes,Flavobacteriia,Flavobacteriales,Flavobacteriaceae,Kordia,algicida,OT-1
koree,Proteobacteria,Alphaproteobacteria,Caulobacterales,Hyphomonadaceae,Ponticaulis,koreensis,GSW-23
ksed,Actinobacteria,Actinobacteria,Actinomycetales,Dermacoccaceae,Kytococcus,sedentarius,541
kuro,Firmicutes,Bacilli,Bacillales,Bacillaceae,Halobacillus,kuroshimensis,JS-Hb7
luca8,Proteobacteria,Alphaproteobacteria,Rhodobacterales,Rhodobacteraceae,Rhodobacter,TBD,SMR8
mmb1,Proteobacteria,Gammaproteobacteria,Oceanospirillales,Oceanospirillaceae,Marinomonas,mediterranea,MMB-1
mre600,Proteobacteria,Gammaproteobacteria,Enterobacteriales,Enterobacteriaceae,Escherichia,coli,MRE600
och114,Proteobacteria,Alphaproteobacteria,Rhodobacterales,Rhodobacteraceae,Roseobacter,denitrificans,OCh 114
owen,Bacteroidetes,Flavobacteriia,Flavobacteriales,Cryomorphaceae,Owenweeksia,hongkongensis,UST20020801
pgall,Proteobacteria,Alphaproteobacteria,Rhodobacterales,Rhodobacteraceae,Phaeobacter,gallaeciensis,
phalo,Proteobacteria,Alphaproteobacteria,Rhizobiales,Hyphomicrobiaceae,Pelagibacterium,halotolerans,B2
pinhib,Proteobacteria,Alphaproteobacteria,Rhodobacterales,Rhodobacteraceae,Phaeobacter,inhibens,
pr1red,Bacteroidetes,Cytophagia,Cytophagales,Cyclobacteriaceae,Algoriphagus,machipongonensis,Pr1red
rbalt,Planctomycetes,Planctomycea,Planctomycetales,Planctomycetaceae,Rhodopirellula,baltica,IFAM 1310
relong,Proteobacteria,Alphaproteobacteria,Rhodobacterales,Rhodobacteraceae,Roseibacterium,elongatum,OCh 323
roseo,Proteobacteria,Alphaproteobacteria,Rhodobacterales,Rhodobacteraceae,Roseovarius,mucosus,SMR3
rsphaer,Proteobacteria,Alphaproteobacteria,Rhodobacterales,Rhodobacteraceae,Rhodobacter,sphaeroides,ATH 2.4.1
salex,Proteobacteria,Gammaproteobacteria,Alteromonadales,Halieaceae,Haliea,salexigens,3x/A02/235
salin,Actinobacteria,Actinobacteria,Actinomycetales,Micromonosporaceae,Salinispora,tropica,CNB440
sedthio,Proteobacteria,Gammaproteobacteria,Oceanospirillales,Gammaproteobacteria,Sedimenticola,thiotaurini,SIP-G1
serr,Proteobacteria,Gammaproteobacteria,Enterobacteriales,Yersiniaceae,Serratia,sp.,"SC 11,482"
sflavi,Proteobacteria,Alphaproteobacteria,Sphingomonadales,Sphingomonadaceae,Sphingorhabdus,flavimaris,SMR4y
shewden,Proteobacteria,Gammaproteobacteria,Alteromonadales,Shewanellaceae,Shewanella,denitrificans,OS217
simid,Proteobacteria,Gammaproteobacteria,Cellvibrionaceae,Cellvibrionaceae,Simiduia,agarivorans,SA1
nitzsch,Proteobacteria,Alphaproteobacteria,Rhodobacterales,Rhodobacteraceae,Sulfitobacter,pseudonitzschiae,SMR1
t2,Actinobacteria,Actinobacteria,Actinomycetales,Nocardioidaceae,Aeromicrobium,marinum,T2
t6c,Proteobacteria,Gammaproteobacteria,Alteromonadales,Alteromonadaceae,Pseudoalteromonas,atlantica,T6c
vcamp,Proteobacteria,Gammaproteobacteria,Vibrionales,Vibrionaceae,Vibrio,campbelli,BB120
vnat,Proteobacteria,Gammaproteobacteria,Vibrionales,Vibrionaceae,Vibrio,natriegens,111
vorax,Proteobacteria,Oligoflexia,Bdellovibrionales,Pseudobacteriovoracaceae,Pseudobacteriovorax,antillogorgiicola,RKEM611
woodyi,Proteobacteria,Gammaproteobacteria,Alteromonadales,Shewanellaceae,Shewanella,woodyi,MS32
parctic,Proteobacteria,Gammaproteobacteria,Alteromonadales,Psychromonadaceae,Psychromonas,arctica,DSM 14288
plank,Proteobacteria,Alphaproteobacteria,Rhodobacterales,Rhodobacteraceae,Planktomarina,temperata,DSM 22400
jeju,Bacteroidetes,Flavobacteriia,Flavobacteriales,Flavobacteriaceae,Hyunsoonleella,jejuensis,DSM 21035
mr1,Proteobacteria,Gammaproteobacteria,Alteromonadales,Shewanellaceae,Shewanella,oneidensis,MR-1
psych,Proteobacteria,Gammaproteobacteria,Alteromonadales,Psychromonadaceae,Psychromonas,ossibalaenae,JAMM 0738
